Tag_ID	Tag
0	Otunbayeva
1	Brent
2	peace
3	Guantanamo
4	Hezbollah
5	US Air Force
6	Rosoboronexport
7	Manning
8	Chechoslovakia
9	Fitch
10	Lebanon
11	Panetta
12	Tompkins
13	Aztlan
14	Siemens
15	Monti
16	Russian Orthodox Church
17	Baltimore Riots
18	Bismarck
19	US
20	WTO
21	Microsoft
22	Nazarbayev
23	Moldova
24	Ingrid Weckert
25	Sex
26	Black Sea
27	UN
28	Poverty
29	Donald Trump
30	Nepal
31	Switzerland
32	Ecuador
33	Nikolić
34	Administrative Amnesty
35	Canada
36	Cryptocurrencies
37	Big Pharma
38	Yemen
39	Immigration
40	Crimea
41	Corbyn
42	Jews
43	Congress
44	WADA
45	USSR
46	Human Rights & Persecution
47	Romney
48	Trump
49	science
50	South Sudan
51	Colombia
52	Green Party
53	Karzai
54	Russiagate
55	Sanders
56	Puerto Rico
57	TTIP
58	Mujahedin-e Khalq
59	DEA
60	Kurdistan
61	Xinjiang
62	Tusk
63	Perkins
64	Abbas
65	ECOWAS
66	Quebec
67	al-Bashir
68	Seselj
69	Newsmax TV
70	Al-Qaradawi
71	Belarus
72	Tunisia
73	Akhmetov
74	Obrador
75	Hague Tribunal
76	Twitter
77	Botswana
78	CICA
79	negative thoughts
80	love
81	Rockefeller
82	Erdogan
83	NED
84	Psychological
85	The Internet
86	Taylor
87	Ashton
88	Netherlands
89	Religion & Society
90	Levy
91	Morales
92	Cockburn
93	Clinton
94	The Media
95	Central Asia
96	Tajikistan
97	Victory Day
98	Liao Yiwu
99	Clapper
100	Torture
101	Politics & Government
102	Islam
103	NSDAP
104	Truth
105	palestinian rights
106	"""Digital Philosophy"" Items Across Entire Archive"
107	9/11
108	death
109	Nuclear Weapons
110	Nicaragua
111	Jamestown
112	Tibet
113	Vietnam
114	GCHQ
115	DUP
116	Flanders
117	Taiwan
118	Civil War
119	NDI
120	Bush
121	Mosul
122	ISIL
123	Nation of Islam
124	United Arab Emirates
125	Harper
126	pressing matter
127	Svechin
128	Center for Responsive Politics
129	Congo
130	Volynia
131	Mali
132	Refugee Racket
133	Technology
134	Circassia
135	Franklin Templeton
136	CSTO
137	Homeland Security
138	Inspiration
139	Multimedia
140	GOP Share Of The White Vote
141	truth
142	Montenegro
143	Putin
144	Hussein
145	ISIS/Islamic State
146	skeletons
147	Syria
148	suffering
149	Netanyahu
150	horror
151	FBI
152	Stiglitz
153	Sri Lanka
154	Jobbik
155	Tsipras
156	Jimmy Carter
157	Gazprom
158	Djukanovic
159	India
160	IMF
161	Rwanda
162	Race/Crime Articles
163	BBC
164	Orban
165	Eager Lion
166	Churkin
167	Capriles
168	Cyprus
169	Spain
170	Council of Europe
171	UN International Court
172	Primakov
173	South Ossetia
174	Morocco
175	Clausewitz
176	Bolton
177	Lithuania
178	Fear
179	Musharraf
180	OSCE
181	Kosovo
182	Kazakhstan
183	Mercosur
184	Lugo
185	Ehrenreich
186	Podcasts from Boiling Frogs
187	Myanmar
188	SYRIZA
189	Al-Sisi
190	Freeland
191	Czechoslovakia
192	Mo Yan
193	Stephen Lendman
194	Las Malvinas
195	Maidan
196	Scientology
197	Kyrgyzstan
198	Blair
199	PJAK
200	Temer
201	The National Interest
202	PACOM
203	Kerensky
204	Latin America
205	Transformed Lives
206	interest
207	http://www.unz.com/author/anatoly-karlin/topic/digital-philosophy/
208	Kennedy
209	Jinping
210	Margvelashvili
211	ATAKA
212	Lukashenko
213	Hitler
214	Racism
215	Economic Inequality
216	Petraeus
217	IOC
218	Awareness
219	Military Industrial Complex
220	Spiritual
221	Pollution
222	G8
223	einstein's brain
224	Human Rights Watch
225	Asia Times
226	Depression
227	Ortega
228	G20
229	Egypt
230	Saleh
231	Kirchner
232	Burundi
233	Atambayev
234	ALBA
235	Open Government Partnership
236	bin Laden
237	War On Christmas
238	Disgruntled Minority Massacre
239	al-Assad
240	Assange
241	Estonia
242	Adolf Hitler
243	Manafort
244	Russian Navy
245	RWE
246	Annan
247	Argentina
248	Ansar Allah
249	Red Cross
250	Pro-Life
251	Ukraine
252	Turkish Stream
253	Roscosmos
254	Albania
255	NORAD
256	EricMargolis.com
257	Happiness
258	Federal Reserve
259	Rohingya
260	Bithumb
261	Rouhani
262	Heritage Foundation
263	Uruguay
264	Eastern Europe
265	Nigeria
266	Palestinе
267	Autism
268	Anarcho-Tyranny
269	Prompt Global Strike
270	Gaza Strip
271	Digital Philosophy
272	Ki-moon
273	Kissinger
274	scientific american
275	Sarkozy
276	Bernie Sanders
277	Sailer Strategy
278	Indonesia
279	Financial Stability Board
280	ASEAN
281	DIA
282	negative energies
283	Joe Rogan
284	del Ponte
285	Roubini
286	Biden
287	Sustainability
288	Propaganda
289	Matt Parrott
290	OIC
291	Panama Papers
292	winter soldier
293	Libya
294	atomic bombs
295	Naryshkin
296	Kuril islands
297	Burkina Faso
298	Eurasian Union
299	Podemos
300	Saudi Arabia
301	End
302	Iceland
303	ISIS
304	Francis
305	Financial Action Task Force
306	Israel
307	AIIB
308	Malta
309	SWIFT
310	Bolivia
311	Pegida
312	Societal
313	Litvinenko
314	Ku Klux Klan
315	Media Bias
316	South Korean
317	Milorad Dodik
318	USAID
319	Russian Revolution
320	International Olympic Committee
321	Romania
322	Kushner
323	Clark
324	Hillary Clinton
325	Singh
326	al-Maliki
327	Dreams
328	Namibia
329	Transcarpatia
330	Astronomy
331	PACE
332	Politics
333	Greece
334	Abkhazia
335	Vojvodina
336	Gulf Cooperation Council
337	Uzbekistan
338	Poroshenko
339	Salvador
340	OFAC
341	Standard & Poor's
342	dead babies
343	South Africa
344	Nabucco
345	NATO
346	Funny
347	PRISM
348	AIPAC
349	Marriage & Family
350	Non-aligned Movement
351	Italy
352	Finland
353	TiSA
354	Sexual Ethics
355	Western Sahara
356	Amnesty International
357	Crime & Justice
358	Hungary
359	Love
360	IAAF
361	Google
362	Arctic
363	Liberia
364	Pence
365	Economic
366	Yukos
367	Churchill
368	Obama
369	Hildebrand
370	protection
371	Secession
372	Woolsey
373	Environment
374	Asia-Pacific
375	History
376	Wall Street
377	Nagorno Karabakh
378	IEA
379	Deep State
380	THAAD
381	Business and Economics
382	Pakistan
383	Oman
384	Izetbegovic
385	Meditation
386	Bank for International Settlements
387	Yugoslavia
388	Achievement Gap
389	Kenya
390	bombings
391	Russia
392	Church Issues
393	Steve Lendman
394	Kaspersky
395	UK
396	Japan
397	Ethics
398	London
399	Chavez
400	Venezuela
401	Nord Stream
402	Cannabis
403	Zuma
404	Jerusalem
405	OTW movement
406	Coudenhove-Kalergi
407	Moody's
408	Breedlove
409	astrophysicist
410	Sharp
411	Crystal Night
412	Somalia
413	smart power
414	European Union
415	Republican Party
416	Robotics
417	Hizb ut-Tahrir
418	Debt
419	EULEX
420	Revolution
421	Homelessness
422	Water
423	Migration
424	Gaddafi
425	Medvedev
426	Anti-White Hate Crimes
427	Rosneft
428	Nuland
429	Shanghai Cooperation Organization
430	Bosnia and Herzegovina
431	Mueller
432	CNN
433	Shoigu
434	Bank of America
435	Republika Srpska
436	Consortiumnews.com
437	Amazon
438	Basic Income
439	NDAA
440	Pineal Gland
441	The Occidental Quarterly
442	Mladic
443	Missile Defense Agency
444	Gross Domestic Product
445	Committee of 147
446	Anonymous
447	Interpol
448	Nagasaki
449	GECF
450	Klitschko
451	Germany
452	Nikola Tesla
453	Eastern Partnership
454	Food & Agriculture
455	Narrative Collapse
456	College of William & Mary
457	BlackRock
458	Honduras
459	Strategic Nuclear Forces
460	Berlusconi
461	Valdai Club
462	Scowcroft
463	Niger
464	Capitalism
465	Northern Distribution Network
466	Gabbard
467	East Asia
468	West Bank
469	New World Order
470	Kristallnacht
471	Zimbabwe
472	Dempsey
473	Pew Research Center
474	Nasser
475	Hollande
476	Borisov
477	International Criminal Court
478	European Central Bank
479	Paul
480	Georgia
481	Modi
482	Alternative for Germany
483	Srebrenica
484	Thailand
485	election 2008
486	Davutoglu
487	Northern Ireland
488	Atomstroyexport
489	Trans Adriatic Pipeline
490	Nasheed
491	White Guy Loses His Job
492	Jefferson
493	psychic attacks
494	Gauck
495	Norway
496	Iraq
497	Nazism
498	Bhutan
499	Carl Sagan
500	Haiti
501	thoughts
502	National Question
503	mutter
504	NAFTA
505	Milosevic
506	Mossad
507	out of iraq
508	Balochistan
509	UNESCO
510	Juncker
511	Khamenei
512	posterity
513	Bangladesh
514	Peru
515	War On Thanksgiving
516	Charlottesville
517	Cohen
518	Diversity Is Strength
519	IHR
520	death of the golden age
521	Baltic Sea
522	Correa
523	Basque Country
524	Missile defense
525	PYD
526	Macedonia
527	FRS
528	Immigrant Mass Murder
529	USA
530	Police
531	Mauritania
532	Treaty on Open Skies
533	Kirill
534	CENTCOM
535	Armenia
536	Azawad
537	Council on Foreign Relations
538	psychic
539	Goldman Sachs
540	Religion & Politics
541	news
542	Vienna Convention
543	Total
544	Transatlantic Trade and Investment Partnership
545	Trans-Pacific Partnership
546	Futurology
547	Birthright Citizenship Reform
548	Social Media
549	Christophobia
550	Donald Trump Insurgency
551	China
552	Afghanistan
553	Liberation Tigers of Tamil Eelam
554	Butkyavichus
555	Energy
556	as-Sadr
557	Neocons
558	Islamic Revolution Guards Corps
559	Gagauzia
560	Luxembourg
561	Steinmeier
562	Doomsday Clock
563	9/11 Articles
564	Westinghouse
565	Senegal
566	EBRD
567	Breivik
568	OECD
569	Gallup
570	Media
571	Castro
572	Transnistria
573	Barack Hussein Ebola
574	Mountainous Badakhshan
575	Greenpeace
576	Abe
577	ELNET
578	Lagarde
579	Tillerson
580	Jamaica
581	Croatia
582	Stalin
583	Kuwait
584	Jolie
585	manifesting
586	GMOs
587	McCain
588	Caribbean
589	Eurovision
590	AFISMA
591	money
592	DARPA
593	Healthcare
594	Slovenia
595	Farrakhan
596	Yinon
597	Chile
598	Gun Control
599	Gulen
600	Al-Jazeera
601	Australia
602	medicine
603	Dumas
604	Relationships
605	Yanukovich
606	Prison
607	Political correctness
608	INF Treaty
609	New Zeland
610	Ahmadinejad
611	Magic Mushrooms
612	Death
613	Enbridge Pipelines
614	Facebook
615	Philippines
616	World Bank
617	Saakashvili
618	Democratic Party
619	Netanyahu And Immigration
620	Huntington
621	Tymoshenko
622	Duda
623	Maldives
624	devastating
625	Stavridis
626	nations
627	Patagonia
628	Basel Committee
629	Zambia
630	International Affairs
631	Hawaii
632	Gbagbo
633	OUN / UPA
634	Poland
635	OPEC
636	Joseph
637	Panama
638	Trump Administration
639	Novorossiya
640	Chevron
641	Guinea Bissau
642	Turkey
643	CIS
644	Nuzzi
645	Catalonia
646	Ethiopia
647	Solar
648	Latvia
649	TANAP
650	Moon of Alabama
651	Wealth & Poverty
652	HAMAS
653	Cuba
654	Dragon Family
655	Fake News
656	Gibraltar
657	Japan Doesn't Want Immigrants
658	Silk Road
659	UNASUR
660	Pentagon
661	Serbia
662	News
663	May
664	Cyber Security
665	FIFA
666	Mediterranean
667	Film
668	IAEA
669	TeleSur
670	Abolishing America
671	Comey
672	Campaign Consultants
673	Animal Rights
674	Brunei
675	Al Shabaab
676	HSBC
677	Music
678	Ann Coulter
679	Merkel
680	Zelaya
681	Books
682	MSM Backlash Libel
683	Gun Rights
684	Barclays
685	European Commission
686	Haftar
687	SDF
688	France
689	Savile
690	Snowden
691	Austria
692	museums
693	CyberBerkut
694	Barroso
695	Portugal
696	Johnson
697	Siberia
698	Morsi
699	South Korea
700	Visegrad Group
701	Brzezinski
702	Ahtisaari
703	Zardari
704	domestic news
705	BRICS
706	Cyrenaica
707	unique
708	Greenwald
709	Ghalibaf
710	Soros
711	Dominican Republic
712	Russia Today
713	LewRockwell.com
714	Flynn
715	Health & Science
716	Democratic National Committee
717	Enlightenment
718	Anxiety
719	POLISARIO
720	Ivanishvili
721	Rabbani
722	Mandela
723	crucial
724	Caspian Sea
725	The American Conservative
726	Azerbaijan
727	Indians
728	OPCW
729	Apartheid
730	Bernanke
731	Oil
732	Pesticide
733	Refugee Resettlement Watch
734	Czechia
735	Ancient Rome
736	Common Core
737	Center for Disease Control and Prevention
738	Maduro
739	Qatar
740	Institute For Historical Review
741	AFRICOM
742	Military & War
743	Terence McKenna
744	Khaddam
745	Malaysia
746	Christianity
747	SWAT forces
748	Rousseff
749	Russian Army
750	Syrian National Council
751	dying
752	CELAC
753	JP Morgan
754	Shell
755	Crime
756	Wikileaks
757	McFaul
758	VDARE.com Told You So Dept.
759	Science & Tech
760	Hate Hoaxes
761	Belgium
762	Denmark
763	Taliban
764	Activism
765	Climate Change
766	government corruption
767	Camp Of The Saints
768	Paleckis
769	E.ON
770	UVA Rape Story
771	Bahrain
772	Venice Commission
773	Reagan
774	Exxon Mobil
775	Kashmir
776	PMDA
777	Palestinians
778	Lord’s Resistance Army
779	Le Pen
780	vocabulary.com
781	Arab League
782	NORTHCOM
783	KFOR
784	Worldview
785	EurAsEc
786	Youth Issues
787	Bahamas
788	Economic Collapse
789	Cold War
790	Art
791	World News
792	North Korea
793	Lavrov
794	Race/IQ Articles
795	EU
796	Saudi Aramco
797	Chad
798	Hagel
799	Central African Republic
800	“Mass Atrocity Response Operations”
801	Mozambique
802	Samizdat
803	African Union
804	Unz
805	Alan Watts
806	Falklands
807	Brahimi
808	Volkswagen
809	Paraguay
810	Neuroscience
811	American Pravda Articles
812	Al Qaeda
813	Green Group
814	Trends
815	Terrorism
816	Education
817	Ireland
818	Chossudovsky
819	Awakening
820	Psychedelics
821	Reincarnation
822	ECONOMIST-Watch
823	Vergès
824	South Stream
825	Middle East
826	dennis kucinich
827	Mosack Fonseca
828	Religion
829	Arafat
830	Bannon
831	Basescu
832	Gladio
833	Minority Mortgage Meltdown
834	Barack Obama
835	Fluoride
836	Ya’alon
837	Sports
838	Committee of 300
839	Boco Haram
840	Holistic Health
841	Turkmenistan
842	Collective Intelligence
843	EDA
844	Wolfowitz
845	Dzhemilev
846	Aleutian Islands
847	Sharif
848	Sweetie
849	Trident
850	Sweden
851	Rothschild
852	Patrushev
853	things
854	altcoin
855	US Special Operations Forces
856	Google Diversity Memo Firing
857	Most-Favoured Nation
858	interesting
859	ET Contact/Intervention
860	&udarr;
861	Hollywood
862	end the occupation
863	Parenting
864	Al-Monitor
865	Muslim Brotherhood
866	World Peace
867	CARICOM
868	NASA
869	Murdoch
870	UAE
871	Rosatom
872	Glonass
873	FARC
874	Strategic Command
875	Russian Aerospace Force
876	FATAH
877	Sanctions
878	Chatham House
879	Bulgaria
880	Djibouti
881	NSA
882	CounterPunch
883	Southern Heritage
884	wet specimen
885	Customs Union
886	Lapid
887	Cancer
888	Charlie Hebdo
889	Abbott
890	Rogozin
891	Voter Fraud
892	Barzani
893	martin elvis
894	FUEN
895	Pompeo
896	PKK
897	Costa Rica
898	Kerry
899	Scotland
900	Tanzania
901	GUAM
902	Mexico
903	Citigroup
904	Eric Zuesse
905	representatives
906	Kolomoisky
907	Alaska
908	TAPI
909	START
910	Ivory Coast
911	Brexit
912	Dunkirk
913	Slovakia
914	G7
915	Vaccines
916	Zarrab
917	Vatican
918	APEC
919	Immigrants Committing Slavery
920	Mongolia
921	Cameron
922	Preamble to the US Constitution
923	life
924	Jordan
925	not reporting race
926	Iran
927	CIA
928	Hersh
929	JCPOA
930	Southern Command
931	Thomas Sowell
932	Guatemala
933	Rasmussen
934	al Saud
935	Walter Williams
936	Monsanto
937	ceroemony
938	Defense Intelligence Agency
939	Malawi
940	KLA
941	Morgan Stanley
942	SWF
943	steps
944	US Navy
945	Sudan
946	health
947	United States
948	strange
949	Davos
950	Galicia
951	Balkans
952	Hiroshima
953	BND
954	Macron
955	Blackwater
956	Brennan
957	Automation
958	GATA
959	Arts & Entertainment
960	Uganda
961	Vanunu
962	Silesia
963	Zarif
964	Caucasus
965	Magnitsky Act
966	Oettinger
967	Brazil
968	Stratfor
969	Military
970	Organization of American States
971	Hong Kong
972	Africa
973	Global Warming
974	Gambia
975	Schanberg
976	Television
977	energies
978	Pan-Europa movement
979	ISAF
980	Indonesian
981	National Socialist Germany
982	Minority Occupation Government
983	Five Eyes
984	Golan Heights
985	Evolution
986	John Paul II
987	SABSA
988	Tamarod
989	Macri
990	Bilderberg Club
991	impeachment
992	Algeria
993	European Court of Human Rights
